{"‎‪⁮⁫​⁫‏⁯⁪⁯⁫‭‍‌⁯‭⁫⁫⁭⁯‪‮‮‎‪⁮‪⁪⁪⁮⁬‭⁬‫⁬‮⁮⁬⁮‎‮":0,"‍‍‍‏‏‎⁫⁫‎⁫‪⁫⁬​⁮⁭⁬⁬⁫‮​‫⁫‫‍⁭⁯⁮​‎⁮‏‍‌​⁯‍‬‌‫‮":"Https","⁫⁯⁮⁫‏‪⁪‏⁭⁪⁬⁪⁮⁮⁯‍​⁯⁭⁭‎‫⁪⁭⁮⁭‍⁫‭​‬‏‏​‫⁮⁪⁮‮‪‮":5000,"‭⁮⁪⁪‌‏⁯⁫⁮‬‌‍⁯‪‍‮‎⁫⁬​‍⁮‎‬⁫‍‪‎⁯⁬‎‮⁬⁫‌‌⁯⁭‎‮‮":150,"⁯‍⁬‪⁬‌‮‌⁮‬‫​⁪‬⁬​⁬⁫‪⁬‬‬‎⁮‭‎‎‍⁯⁫⁬⁭‬⁭⁯⁫⁪⁫‮‎‮":300,"⁯‬⁫⁪‌⁮‍‏‮‬​⁮⁯⁭‍⁪​‬⁬⁫‍‮‮‬‏⁫‪⁭‎‪‌‭‏⁫‫‪‬‭⁪‬‮":"http://proxytank.ru/api2.php","‎‫⁫‍‍‍‎⁪‫⁪‍‫⁫⁭‌‬⁬‏‫⁬⁭‍‫‮‮‍​‪⁮⁭‍⁫⁬‮⁫‍⁬‫​‏‮":null,"⁯‎‪‏‭‌‫‬​‭‭‮‬‪⁪⁮‏‎‫⁯⁮⁬‭​‭‪⁬‍⁭⁯‍⁭⁭⁪⁪‌‌​⁮‫‮":null,"⁯​‏⁭‮‮‭‪⁬⁬⁪‏⁭⁮‏⁯‍⁪⁮⁬⁭⁬⁭⁮⁯⁫⁫⁬‍‍‮‪⁮⁯​⁫⁫⁬‍‫‮":true,"‎‭‮‏‪‏⁭‏‍‭‎⁭‭⁭‎⁯‫⁮⁪​⁪⁪‍​‏⁪‎‍⁮‍‏⁯​​⁬‮‪​⁪⁫‮":true,"‎‪‪⁬‫⁮‬⁫​‭‌​‬‪⁬‍⁮‫‫⁫‏‏⁬⁫⁯⁮‫‭​‪⁮‫⁭⁫‫⁮​​⁫‌‮":false,"‍⁮‌‍⁪​⁫‬‌⁫‏‮‍‫⁮‍⁬⁫⁮‎⁯‪‮⁬‏​‍‪⁮‬‭‎‪‌‎​⁫‮⁯‏‮":false}