﻿<?xml version="1.0"?>
<doc>
<assembly>
<name>
Latest Checker Design
</name>
</assembly>
<members>
<member name="T:Latest_Checker_Design.My.Resources.Resources">
<summary>
  A strongly-typed resource class, for looking up localized strings, etc.
</summary>
</member>
<member name="P:Latest_Checker_Design.My.Resources.Resources.ResourceManager">
<summary>
  Returns the cached ResourceManager instance used by this class.
</summary>
</member>
<member name="P:Latest_Checker_Design.My.Resources.Resources.Culture">
<summary>
  Overrides the current thread's CurrentUICulture property for all
  resource lookups using this strongly typed resource class.
</summary>
</member>
<member name="P:Latest_Checker_Design.My.Resources.Resources._1814117_gear_options_preferences_setting_icon">
<summary>
  Looks up a localized resource of type System.Drawing.Bitmap.
</summary>
</member>
<member name="P:Latest_Checker_Design.My.Resources.Resources._211676_home_icon">
<summary>
  Looks up a localized resource of type System.Drawing.Bitmap.
</summary>
</member>
<member name="P:Latest_Checker_Design.My.Resources.Resources._2305625_about_info_information_manual_references_icon">
<summary>
  Looks up a localized resource of type System.Drawing.Bitmap.
</summary>
</member>
<member name="P:Latest_Checker_Design.My.Resources.Resources._error">
<summary>
  Looks up a localized resource of type System.IO.UnmanagedMemoryStream similar to System.IO.MemoryStream.
</summary>
</member>
<member name="P:Latest_Checker_Design.My.Resources.Resources.about_description_help_info_information_icon">
<summary>
  Looks up a localized resource of type System.Drawing.Bitmap.
</summary>
</member>
<member name="P:Latest_Checker_Design.My.Resources.Resources.dashboard_data_result_statistic_icon">
<summary>
  Looks up a localized resource of type System.Drawing.Bitmap.
</summary>
</member>
<member name="P:Latest_Checker_Design.My.Resources.Resources.dashboard_data_result_statistic_icon1">
<summary>
  Looks up a localized resource of type System.Drawing.Bitmap.
</summary>
</member>
<member name="P:Latest_Checker_Design.My.Resources.Resources.gear_round_2">
<summary>
  Looks up a localized resource of type System.Drawing.Bitmap.
</summary>
</member>
<member name="P:Latest_Checker_Design.My.Resources.Resources.home_icon">
<summary>
  Looks up a localized resource of type System.Drawing.Bitmap.
</summary>
</member>
<member name="P:Latest_Checker_Design.My.Resources.Resources.play_icon">
<summary>
  Looks up a localized resource of type System.Drawing.Bitmap.
</summary>
</member>
</members>
</doc>
